team;date;match_id;opponent;result;corsi;corsi_5v5;slot_attempts;pdo_5v5
EBB;2026-09-27;4411;Iserlohn Roosters;4:0;53;43;15;110.0
EBB;2026-09-25;4405;Kölner Haie;6:5;48;27;14;111.441
EBB;2026-09-20;4396;Adler Mannheim;3:4;50;38;17;86.364
EBB;2026-09-17;4389;Straubing Tigers;4:2;42;33;9;107.576
NIT;2026-09-27;4412;Straubing Tigers;2:3;47;28;8;95.238
NIT;2026-09-25;4406;Löwen Frankfurt;2:1;44;33;12;98.413
NIT;2026-09-22;4403;Adler Mannheim;5:3;36;17;11;108.586
NIT;2026-09-20;4399;ERC Ingolstadt;6:2;48;37;8;109.524
NIT;2026-09-18;4391;Augsburger Panther;4:1;46;33;16;106.822
