team_id;team_shortcut;team_name;games_played;corsi_for;corsi_against;corsi_5v5_for;corsi_5v5_against;shots_on_goal_for;shots_on_goal_against;shots_on_goal_5v5_for;shots_on_goal_5v5_against;slot_attempts_for;slot_attempts_against;slot_attempts_5v5_for;slot_attempts_5v5_against;goals_for;goals_against;goals_eq_for;goals_eq_against;goals_5v5_for;goals_5v5_against;pp_goals_for;pp_goals_against;sh_goals_for;sh_goals_against;time_leading_s;time_tied_s;time_trailing_s;corsi_pct;corsi_5v5_pct;scoring_players;defenseman_points;shooting_pct_5v5;save_pct_5v5;pdo_5v5
13;AEV;Augsburger Panther;4;234;191;174;147;137;109;106;82;59;53;40;42;15;15;11;10;9;7;3;4;0;1;3746;5715;5239;55.059;54.206;14;15;8.491;91.463;99.954
9;BHV;Pinguins Bremerhaven;4;234;202;157;134;129;110;88;73;48;52;27;31;8;9;6;5;4;5;2;4;0;0;4222;4457;5721;53.67;53.952;15;9;4.545;93.151;97.696
3;EBB;Eisbären Berlin;4;193;205;141;153;106;104;76;78;55;66;38;49;17;11;11;8;8;6;3;3;2;0;8246;3949;2505;48.492;47.959;17;11;10.526;92.308;102.834
44;FRA;Löwen Frankfurt;4;168;232;104;158;83;120;48;81;47;64;30;40;13;7;7;7;6;5;3;0;2;0;4485;3302;6779;42.0;39.695;13;10;12.5;93.827;106.327
7;IEC;Iserlohn Roosters;4;150;226;104;149;86;108;60;78;48;49;35;28;6;13;4;8;2;7;2;3;0;1;890;5587;8223;39.894;41.107;11;3;3.333;91.026;94.359
1;ING;ERC Ingolstadt;4;203;236;132;182;103;132;73;96;48;62;32;39;10;15;8;12;6;7;2;3;0;0;8072;2843;3696;46.241;42.038;13;7;8.219;92.708;100.928
11;KEC;Kölner Haie;4;225;174;180;122;120;113;95;78;64;49;50;33;19;21;13;15;7;13;6;5;0;0;7768;3163;3935;56.391;59.603;16;11;7.368;83.333;90.702
5;KEV;Krefeld Pinguine;4;253;219;176;153;133;118;92;75;58;55;39;35;13;12;11;11;9;6;2;1;0;0;4899;4470;5031;53.602;53.495;10;10;9.783;92.0;101.783
2;MAN;Adler Mannheim;5;331;248;247;171;172;131;122;85;86;76;54;47;16;16;14;12;10;5;2;2;0;1;4955;7535;6021;57.168;59.091;16;13;8.197;94.118;102.314
14;NIT;Nürnberg Ice Tigers;5;221;277;148;207;127;138;83;105;55;63;35;44;19;10;13;8;8;7;5;1;1;0;8638;5403;4259;44.378;41.69;15;13;9.639;93.333;102.972
12;RBM;EHC Red Bull München;4;231;222;163;147;146;123;99;80;68;50;37;30;12;12;9;9;7;5;2;2;0;0;5348;7817;1769;50.993;52.581;13;6;7.071;93.75;100.821
6;STR;Straubing Tigers;4;250;201;189;149;131;122;99;94;74;44;56;36;12;13;9;12;6;9;2;1;0;0;3314;3637;7749;55.432;55.917;14;7;6.061;90.426;96.486
15;SWW;Schwenninger Wild Wings;4;221;206;147;132;113;116;72;72;52;58;32;33;9;20;9;14;6;11;0;4;0;2;1976;4158;8518;51.756;52.688;11;7;8.333;84.722;93.056
8;WOB;Grizzlys Wolfsburg;4;182;257;136;194;100;142;72;108;42;63;27;45;18;13;17;11;13;8;1;2;0;0;5449;6874;2563;41.458;41.212;16;13;18.056;92.593;110.648
