match_id;match_date;team_id;team_shortcut;team_name;opponent_team_id;opponent_shortcut;opponent_name;home_road;corsi_for;corsi_against;corsi_pct;corsi_5v5_for;corsi_5v5_against;corsi_5v5_pct;shots_on_goal_for;shots_on_goal_against;shots_on_goal_5v5_for;shots_on_goal_5v5_against;slot_attempts_for;slot_attempts_against;slot_attempts_5v5_for;slot_attempts_5v5_against;goals_for;goals_against;goals_eq_for;goals_eq_against;goals_5v5_for;goals_5v5_against;pp_goals_for;pp_goals_against;sh_goals_for;sh_goals_against;time_leading_s;time_tied_s;time_trailing_s;scoring_players;defenseman_points;shooting_pct_5v5;save_pct_5v5;pdo_5v5
4389;2026-09-17;3;EBB;Eisbären Berlin;6;STR;Straubing Tigers;home;42;66;38.889;33;44;42.857;21;30;18;22;9;19;7;13;4;2;4;2;3;2;0;0;0;0;2613;987;0;7;4;16.667;90.909;107.576
4389;2026-09-17;6;STR;Straubing Tigers;3;EBB;Eisbären Berlin;visitor;66;42;61.111;44;33;57.143;30;21;22;18;19;9;13;7;2;4;2;4;2;3;0;0;0;0;0;987;2613;3;1;9.091;83.333;92.424
4390;2026-09-18;8;WOB;Grizzlys Wolfsburg;11;KEC;Kölner Haie;visitor;37;58;38.947;30;51;37.037;23;31;19;27;10;16;8;14;8;4;8;3;6;2;0;1;0;0;1594;1560;446;10;6;31.579;92.593;124.172
4390;2026-09-18;11;KEC;Kölner Haie;8;WOB;Grizzlys Wolfsburg;home;58;37;61.053;51;30;62.963;31;23;27;19;16;10;14;8;4;8;3;8;2;6;1;0;0;0;446;1560;1594;9;3;7.407;68.421;75.828
4391;2026-09-18;13;AEV;Augsburger Panther;14;NIT;Nürnberg Ice Tigers;visitor;61;46;57.009;48;33;59.259;33;25;27;19;9;16;7;13;1;4;1;2;1;2;0;1;0;1;795;1776;1029;3;1;3.704;89.474;93.178
4391;2026-09-18;14;NIT;Nürnberg Ice Tigers;13;AEV;Augsburger Panther;home;46;61;42.991;33;48;40.741;25;33;19;27;16;9;13;7;4;1;2;1;2;1;1;0;1;0;1029;1776;795;9;3;10.526;96.296;106.822
4392;2026-09-18;5;KEV;Krefeld Pinguine;9;BHV;Pinguins Bremerhaven;home;61;49;55.455;42;31;57.534;27;31;16;18;16;11;11;6;1;3;1;3;1;2;0;0;0;0;0;1317;2283;3;2;6.25;88.889;95.139
4392;2026-09-18;9;BHV;Pinguins Bremerhaven;5;KEV;Krefeld Pinguine;visitor;49;61;44.545;31;42;42.466;31;27;18;16;11;16;6;11;3;1;3;1;2;1;0;0;0;0;2283;1317;0;8;3;11.111;93.75;104.861
4393;2026-09-18;1;ING;ERC Ingolstadt;7;IEC;Iserlohn Roosters;visitor;51;30;62.963;30;19;61.224;21;19;16;11;6;7;5;5;4;3;3;2;3;1;1;1;0;0;3519;81;0;8;3;18.75;90.909;109.659
4393;2026-09-18;7;IEC;Iserlohn Roosters;1;ING;ERC Ingolstadt;home;30;51;37.037;19;30;38.776;19;21;11;16;7;6;5;5;3;4;2;3;1;3;1;1;0;0;0;81;3519;6;3;9.091;81.25;90.341
4394;2026-09-18;2;MAN;Adler Mannheim;12;RBM;EHC Red Bull München;visitor;75;51;59.524;47;34;58.025;43;29;28;18;15;20;6;9;3;4;2;3;1;1;1;0;0;0;0;1738;2162;8;2;3.571;94.444;98.015
4394;2026-09-18;12;RBM;EHC Red Bull München;2;MAN;Adler Mannheim;home;51;75;40.476;34;47;41.975;29;43;18;28;20;15;9;6;4;3;3;2;1;1;0;1;0;0;2162;1738;0;7;2;5.556;96.429;101.985
4395;2026-09-18;15;SWW;Schwenninger Wild Wings;44;FRA;Löwen Frankfurt;home;60;26;69.767;34;10;77.273;28;15;15;5;15;8;8;1;0;5;0;2;0;1;0;1;0;2;0;617;2983;0;0;0.0;80.0;80.0
4395;2026-09-18;44;FRA;Löwen Frankfurt;15;SWW;Schwenninger Wild Wings;visitor;26;60;30.233;10;34;22.727;15;28;5;15;8;15;1;8;5;0;2;0;1;0;1;0;2;0;2983;617;0;7;1;20.0;100.0;120.0
4396;2026-09-20;2;MAN;Adler Mannheim;3;EBB;Eisbären Berlin;home;52;50;50.98;43;38;53.086;27;26;22;19;20;17;16;13;4;3;3;2;3;0;1;0;0;1;2024;1049;527;11;4;13.636;100.0;113.636
4396;2026-09-20;3;EBB;Eisbären Berlin;2;MAN;Adler Mannheim;visitor;50;52;49.02;38;43;46.914;26;27;19;22;17;20;13;16;3;4;2;3;0;3;0;1;1;0;527;1049;2024;6;2;0.0;86.364;86.364
4397;2026-09-20;13;AEV;Augsburger Panther;15;SWW;Schwenninger Wild Wings;home;68;48;58.621;55;37;59.783;46;29;38;22;24;6;19;5;7;3;6;3;5;3;1;0;0;0;2951;649;0;13;5;13.158;86.364;99.522
4397;2026-09-20;15;SWW;Schwenninger Wild Wings;13;AEV;Augsburger Panther;visitor;48;68;41.379;37;55;40.217;29;46;22;38;6;24;5;19;3;7;3;6;3;5;0;1;0;0;0;649;2951;7;3;13.636;86.842;100.478
4398;2026-09-20;7;IEC;Iserlohn Roosters;9;BHV;Pinguins Bremerhaven;visitor;37;69;34.906;21;40;34.426;21;37;15;24;12;17;7;7;1;2;0;1;0;1;1;1;0;0;0;1661;1939;3;0;0.0;95.833;95.833
4398;2026-09-20;9;BHV;Pinguins Bremerhaven;7;IEC;Iserlohn Roosters;home;69;37;65.094;40;21;65.574;37;21;24;15;17;12;7;7;2;1;1;0;1;0;1;1;0;0;1939;1661;0;6;2;4.167;100.0;104.167
4399;2026-09-20;1;ING;ERC Ingolstadt;14;NIT;Nürnberg Ice Tigers;home;58;48;54.717;37;37;50.0;31;28;21;21;15;8;7;5;2;6;2;4;1;3;0;2;0;0;0;495;3105;5;2;4.762;85.714;90.476
4399;2026-09-20;14;NIT;Nürnberg Ice Tigers;1;ING;ERC Ingolstadt;visitor;48;58;45.283;37;37;50.0;28;31;21;21;8;15;5;7;6;2;4;2;3;1;2;0;0;0;3105;495;0;11;3;14.286;95.238;109.524
4400;2026-09-20;5;KEV;Krefeld Pinguine;6;STR;Straubing Tigers;visitor;65;58;52.846;60;41;59.406;45;33;42;22;15;16;15;12;6;3;6;2;5;2;0;1;0;0;2473;945;182;7;3;11.905;90.909;102.814
4400;2026-09-20;6;STR;Straubing Tigers;5;KEV;Krefeld Pinguine;home;58;65;47.154;41;60;40.594;33;45;22;42;16;15;12;15;3;6;2;6;2;5;1;0;0;0;182;945;2473;7;2;9.091;88.095;97.186
4401;2026-09-20;8;WOB;Grizzlys Wolfsburg;12;RBM;EHC Red Bull München;home;47;63;42.727;37;48;43.529;27;45;19;36;12;14;7;8;4;3;4;3;2;3;0;0;0;0;267;2868;699;8;4;10.526;91.667;102.193
4401;2026-09-20;12;RBM;EHC Red Bull München;8;WOB;Grizzlys Wolfsburg;visitor;63;47;57.273;48;37;56.471;45;27;36;19;14;12;8;7;3;4;3;4;3;2;0;0;0;0;699;2868;267;7;3;8.333;89.474;97.807
4402;2026-09-20;11;KEC;Kölner Haie;44;FRA;Löwen Frankfurt;home;66;37;64.078;50;30;62.5;33;23;27;17;19;10;15;9;4;3;4;2;3;2;0;1;0;0;3521;245;0;8;2;11.111;88.235;99.346
4402;2026-09-20;44;FRA;Löwen Frankfurt;11;KEC;Kölner Haie;visitor;37;66;35.922;30;50;37.5;23;33;17;27;10;19;9;15;3;4;2;4;2;3;1;0;0;0;0;245;3521;6;4;11.765;88.889;100.654
4403;2026-09-22;2;MAN;Adler Mannheim;14;NIT;Nürnberg Ice Tigers;visitor;53;36;59.551;44;17;72.131;27;22;22;9;11;11;10;5;3;5;3;4;3;2;0;1;0;0;923;1235;1442;4;2;13.636;77.778;91.414
4403;2026-09-22;14;NIT;Nürnberg Ice Tigers;2;MAN;Adler Mannheim;home;36;53;40.449;17;44;27.869;22;27;9;22;11;11;5;10;5;3;4;3;2;3;1;0;0;0;1442;1235;923;10;4;22.222;86.364;108.586
4404;2026-09-24;7;IEC;Iserlohn Roosters;13;AEV;Augsburger Panther;home;52;53;49.524;40;36;52.632;31;23;23;18;21;11;18;5;2;3;2;2;1;1;0;0;0;0;890;3010;0;6;0;4.348;94.444;98.792
4404;2026-09-24;13;AEV;Augsburger Panther;7;IEC;Iserlohn Roosters;visitor;53;52;50.476;36;40;47.368;23;31;18;23;11;21;5;18;3;2;2;2;1;1;0;0;0;0;0;3010;890;6;5;5.556;95.652;101.208
4405;2026-09-25;3;EBB;Eisbären Berlin;11;KEC;Kölner Haie;visitor;48;56;46.154;27;42;39.13;32;32;19;23;14;19;7;15;6;5;3;3;3;1;2;2;0;0;2341;1078;481;11;3;15.789;95.652;111.441
4405;2026-09-25;11;KEC;Kölner Haie;3;EBB;Eisbären Berlin;home;56;48;53.846;42;27;60.87;32;32;23;19;19;14;15;7;5;6;3;3;1;3;2;2;0;0;481;1078;2341;9;3;4.348;84.211;88.559
4406;2026-09-25;14;NIT;Nürnberg Ice Tigers;44;FRA;Löwen Frankfurt;visitor;44;53;45.361;33;34;49.254;22;22;18;14;12;15;7;9;2;1;2;1;1;1;0;0;0;0;3062;538;0;5;2;5.556;92.857;98.413
4406;2026-09-25;44;FRA;Löwen Frankfurt;14;NIT;Nürnberg Ice Tigers;home;53;44;54.639;34;33;50.746;22;22;14;18;15;12;9;7;1;2;1;2;1;1;0;0;0;0;0;538;3062;3;2;7.143;94.444;101.587
4407;2026-09-25;2;MAN;Adler Mannheim;5;KEV;Krefeld Pinguine;home;67;64;51.145;47;45;51.087;33;29;20;21;19;13;13;9;4;1;4;1;1;1;0;0;0;0;2008;1592;0;8;3;5.0;95.238;100.238
4407;2026-09-25;5;KEV;Krefeld Pinguine;2;MAN;Adler Mannheim;visitor;64;67;48.855;45;47;48.913;29;33;21;20;13;19;9;13;1;4;1;4;1;1;0;0;0;0;0;1592;2008;3;2;4.762;95.0;99.762
4408;2026-09-25;9;BHV;Pinguins Bremerhaven;12;RBM;EHC Red Bull München;home;48;55;46.602;33;40;45.205;30;35;21;24;9;16;6;10;1;4;1;2;0;2;0;2;0;0;0;1309;2291;3;1;0.0;91.667;91.667
4408;2026-09-25;12;RBM;EHC Red Bull München;9;BHV;Pinguins Bremerhaven;visitor;55;48;53.398;40;33;54.795;35;30;24;21;16;9;10;6;4;1;2;1;2;0;2;0;0;0;2291;1309;0;8;1;8.333;100.0;108.333
4409;2026-09-25;1;ING;ERC Ingolstadt;6;STR;Straubing Tigers;visitor;47;74;38.843;28;60;31.818;26;43;18;34;12;26;9;20;1;4;1;4;1;1;0;0;0;0;2663;346;591;3;1;5.556;97.059;102.615
4409;2026-09-25;6;STR;Straubing Tigers;1;ING;ERC Ingolstadt;home;74;47;61.157;60;28;68.182;43;26;34;18;26;12;20;9;4;1;4;1;1;1;0;0;0;0;591;346;2663;11;3;2.941;94.444;97.385
4410;2026-09-25;8;WOB;Grizzlys Wolfsburg;15;SWW;Schwenninger Wild Wings;home;49;68;41.88;38;42;47.5;23;35;16;20;12;22;9;15;3;4;3;4;3;2;0;0;0;0;158;2276;1418;6;1;18.75;90.0;108.75
4410;2026-09-25;15;SWW;Schwenninger Wild Wings;8;WOB;Grizzlys Wolfsburg;visitor;68;49;58.12;42;38;52.5;35;23;20;16;22;12;15;9;4;3;4;3;2;3;0;0;0;0;1418;2276;158;7;3;10.0;81.25;91.25
4411;2026-09-27;3;EBB;Eisbären Berlin;7;IEC;Iserlohn Roosters;home;53;31;63.095;43;24;64.179;27;15;20;11;15;8;11;5;4;0;2;0;2;0;1;0;1;0;2765;835;0;8;2;10.0;100.0;110.0
4411;2026-09-27;7;IEC;Iserlohn Roosters;3;EBB;Eisbären Berlin;visitor;31;53;36.905;24;43;35.821;15;27;11;20;8;15;5;11;0;4;0;2;0;2;0;1;0;1;0;835;2765;0;0;0.0;90.0;90.0
4412;2026-09-27;6;STR;Straubing Tigers;14;NIT;Nürnberg Ice Tigers;visitor;52;47;52.525;44;28;61.111;25;30;21;16;13;8;11;5;3;2;1;1;1;0;1;1;0;0;2541;1359;0;6;1;4.762;100.0;104.762
4412;2026-09-27;14;NIT;Nürnberg Ice Tigers;6;STR;Straubing Tigers;home;47;52;47.475;28;44;38.889;30;25;16;21;8;13;5;11;2;3;1;1;0;1;1;1;0;0;0;1359;2541;5;1;0.0;95.238;95.238
4413;2026-09-27;5;KEV;Krefeld Pinguine;15;SWW;Schwenninger Wild Wings;home;63;45;58.333;29;34;46.032;32;21;13;15;14;9;4;4;5;2;3;2;2;1;2;0;0;0;2426;616;558;6;3;15.385;93.333;108.718
4413;2026-09-27;15;SWW;Schwenninger Wild Wings;5;KEV;Krefeld Pinguine;visitor;45;63;41.667;34;29;53.968;21;32;15;13;9;14;4;4;2;5;2;3;1;2;0;2;0;0;558;616;2426;4;1;6.667;84.615;91.282
4414;2026-09-27;11;KEC;Kölner Haie;13;AEV;Augsburger Panther;visitor;45;52;46.392;37;35;51.389;24;35;18;23;10;15;6;9;6;4;3;2;1;2;3;2;0;0;3320;280;0;8;3;5.556;91.304;96.86
4414;2026-09-27;13;AEV;Augsburger Panther;11;KEC;Kölner Haie;home;52;45;53.608;35;37;48.611;35;24;23;18;15;10;9;6;4;6;2;3;2;1;2;3;0;0;0;280;3320;7;4;8.696;94.444;103.14
4415;2026-09-27;12;RBM;EHC Red Bull München;44;FRA;Löwen Frankfurt;home;62;52;54.386;41;30;57.746;37;23;21;12;18;14;10;11;1;4;1;2;1;2;0;1;0;0;196;1902;1502;2;0;4.762;83.333;88.095
4415;2026-09-27;44;FRA;Löwen Frankfurt;12;RBM;EHC Red Bull München;visitor;52;62;45.614;30;41;42.254;23;37;12;21;14;18;11;10;4;1;2;1;2;1;1;0;0;0;1502;1902;196;7;3;16.667;95.238;111.905
4416;2026-09-27;8;WOB;Grizzlys Wolfsburg;9;BHV;Pinguins Bremerhaven;home;49;68;41.88;31;53;36.905;27;31;18;25;8;11;3;8;3;2;2;1;2;1;1;1;0;0;3430;170;0;6;2;11.111;96.0;107.111
4416;2026-09-27;9;BHV;Pinguins Bremerhaven;8;WOB;Grizzlys Wolfsburg;visitor;68;49;58.12;53;31;63.095;31;27;25;18;11;8;8;3;2;3;1;2;1;2;1;1;0;0;0;170;3430;4;3;4.0;88.889;92.889
4417;2026-09-27;1;ING;ERC Ingolstadt;2;MAN;Adler Mannheim;home;47;84;35.878;37;66;35.922;25;42;18;30;15;21;11;9;3;2;2;2;1;2;1;0;0;0;1890;1921;0;5;1;5.556;93.333;98.889
4417;2026-09-27;2;MAN;Adler Mannheim;1;ING;ERC Ingolstadt;visitor;84;47;64.122;66;37;64.078;42;25;30;18;21;15;9;11;2;3;2;2;2;1;0;1;0;0;0;1921;1890;5;2;6.667;94.444;101.111
